Result, Test Name, Power Priority, Power Level, Iteration, Var MSA, Dataset File,Point Result, Var Actual, Var Target, Var Min Allowed, Var Max Allowed
, , , , , , , Pass, -1014.147, -900.0, -1300.0, -500.0
, , , , , , , Pass, -1012.942, -900.0, -1300.0, -500.0
, , , , , , , Pass, -1009.776, -900.0, -1300.0, -500.0
, , , , , , , Pass, -997.254, -898.1, -1300.0, -123.1
, , , , , , , Pass, -1005.575, -705.0, -1300.0, 70.0
, , , , , , , Pass, -998.779, -469.5, -1244.5, 305.5
, , , , , , , Pass, -995.968, -241.5, -1016.5, 400.0
, , , , , , , Fail, -996.849, -1.1, -776.1, 400.0
, , , , , , , Fail, -913.861, 0.0, -400.0, 400.0
, , , , , , , Pass, -207.076, 0.0, -400.0, 400.0
, , , , , , , Pass, -212.14, 0.0, -400.0, 400.0
, , , , , , , Pass, -199.947, 0.0, -400.0, 715.0
, , , , , , , Pass, -209.634, 162.4, -400.0, 937.4
, , , , , , , Pass, -196.305, 389.6, -385.4, 1164.6
, , , , , , , Fail, -202.892, 613.9, -161.1, 1300.0
, , , , , , , Fail, -197.015, 838.5, 63.5, 1300.0
, , , , , , , Fail, 417.188, 900.0, 500.0, 1300.0
, , , , , , , Pass, 621.018, 900.0, 500.0, 1300.0
, , , , , , , Pass, 614.511, 900.0, 500.0, 1300.0
Fail, VV_2_100_down_1, Reactive, 100.0, 3, 400.0, VV_2_100_down_1.csv, , , , , 
, , , , , , , Pass, 621.337, 900.0, 500.0, 1300.0
, , , , , , , Pass, 616.508, 900.0, 500.0, 1300.0
, , , , , , , Fail, 416.783, 900.0, 500.0, 1300.0
, , , , , , , Fail, -194.657, 826.1, 51.1, 1300.0
, , , , , , , Fail, -203.077, 585.4, -189.6, 1300.0
, , , , , , , Pass, -192.249, 374.6, -400.0, 1149.6
, , , , , , , Pass, -205.413, 136.1, -400.0, 911.1
, , , , , , , Pass, -202.241, 0.0, -400.0, 687.6
, , , , , , , Pass, -203.75, 0.0, -400.0, 400.0
, , , , , , , Pass, -206.006, 0.0, -400.0, 400.0
, , , , , , , Fail, -913.049, 0.0, -400.0, 400.0
, , , , , , , Fail, -1000.197, -56.6, -831.6, 400.0
, , , , , , , Pass, -1003.822, -265.9, -1040.9, 400.0
, , , , , , , Pass, -1000.461, -481.9, -1256.9, 293.1
, , , , , , , Pass, -1007.992, -708.4, -1300.0, 66.6
, , , , , , , Pass, -1000.185, -900.0, -1300.0, -166.6
, , , , , , , Pass, -1003.024, -900.0, -1300.0, -500.0
, , , , , , , Pass, -1013.428, -900.0, -1300.0, -500.0
, , , , , , , Pass, -1003.961, -900.0, -1300.0, -500.0
Fail, VV_2_100_up_1, Reactive, 100.0, 3, 400.0, VV_2_100_up_1.csv, , , , , 
, , , , , , , Pass, -1009.186, -900.0, -1300.0, -500.0
, , , , , , , Pass, -1006.401, -900.0, -1300.0, -500.0
, , , , , , , Pass, -1016.113, -900.0, -1300.0, -500.0
, , , , , , , Pass, -1004.123, -900.0, -1300.0, -156.9
, , , , , , , Pass, -1001.325, -712.9, -1300.0, 62.1
, , , , , , , Pass, -1005.008, -496.9, -1271.9, 278.1
, , , , , , , Pass, -1004.72, -265.1, -1040.1, 400.0
, , , , , , , Fail, -998.037, -40.1, -815.1, 400.0
, , , , , , , Fail, -912.509, 0.0, -400.0, 400.0
, , , , , , , Pass, -207.444, 0.0, -400.0, 400.0
, , , , , , , Pass, -215.587, 0.0, -400.0, 400.0
, , , , , , , Pass, -200.768, 0.0, -400.0, 688.7
, , , , , , , Pass, -204.609, 150.0, -400.0, 925.0
, , , , , , , Pass, -194.144, 382.5, -392.5, 1157.5
, , , , , , , Fail, -208.403, 594.7, -180.3, 1300.0
, , , , , , , Fail, -200.198, 823.9, 48.9, 1300.0
, , , , , , , Fail, 421.8, 900.0, 500.0, 1300.0
, , , , , , , Pass, 616.329, 900.0, 500.0, 1300.0
, , , , , , , Pass, 615.984, 900.0, 500.0, 1300.0
Fail, VV_2_100_down_2, Reactive, 100.0, 3, 400.0, VV_2_100_down_2.csv, , , , , 
, , , , , , , Pass, 623.993, 900.0, 500.0, 1300.0
, , , , , , , Pass, 615.362, 900.0, 500.0, 1300.0
, , , , , , , Fail, 420.336, 900.0, 500.0, 1300.0
, , , , , , , Fail, -187.611, 832.1, 57.1, 1300.0
, , , , , , , Fail, -200.855, 614.6, -160.4, 1300.0
, , , , , , , Pass, -203.625, 403.9, -371.1, 1178.9
, , , , , , , Pass, -204.761, 173.6, -400.0, 948.6
, , , , , , , Pass, -207.738, 0.0, -400.0, 729.6
, , , , , , , Pass, -216.475, 0.0, -400.0, 400.0
, , , , , , , Pass, -201.849, 0.0, -400.0, 400.0
, , , , , , , Fail, -903.966, 0.0, -400.0, 400.0
, , , , , , , Fail, -999.941, -14.6, -789.6, 400.0
, , , , , , , Pass, -1000.079, -243.7, -1018.7, 400.0
, , , , , , , Pass, -992.305, -468.7, -1243.7, 306.3
, , , , , , , Pass, -1009.207, -701.2, -1300.0, 73.8
, , , , , , , Pass, -999.696, -900.0, -1300.0, -131.7
, , , , , , , Pass, -1012.677, -900.0, -1300.0, -500.0
, , , , , , , Pass, -1008.738, -900.0, -1300.0, -500.0
, , , , , , , Pass, -1012.835, -900.0, -1300.0, -500.0
Fail, VV_2_100_up_2, Reactive, 100.0, 3, 400.0, VV_2_100_up_2.csv, , , , , 
, , , , , , , Pass, -1012.291, -900.0, -1300.0, -500.0
, , , , , , , Pass, -1011.684, -900.0, -1300.0, -500.0
, , , , , , , Pass, -1012.699, -900.0, -1300.0, -500.0
, , , , , , , Pass, -1001.664, -900.0, -1300.0, -154.6
, , , , , , , Pass, -1008.09, -704.2, -1300.0, 70.8
, , , , , , , Pass, -997.676, -487.5, -1262.5, 287.5
, , , , , , , Pass, -1002.478, -259.5, -1034.5, 400.0
, , , , , , , Fail, -999.002, -50.6, -825.6, 400.0
, , , , , , , Fail, -901.165, 0.0, -400.0, 400.0
, , , , , , , Pass, -207.261, 0.0, -400.0, 400.0
, , , , , , , Pass, -218.411, 0.0, -400.0, 400.0
, , , , , , , Pass, -206.685, 0.0, -400.0, 689.9
, , , , , , , Pass, -201.9, 137.6, -400.0, 912.6
, , , , , , , Pass, -204.247, 366.4, -400.0, 1141.4
, , , , , , , Fail, -201.21, 577.5, -197.5, 1300.0
, , , , , , , Fail, -199.778, 812.2, 37.2, 1300.0
, , , , , , , Fail, 418.436, 900.0, 500.0, 1300.0
, , , , , , , Pass, 615.753, 900.0, 500.0, 1300.0
, , , , , , , Pass, 619.762, 900.0, 500.0, 1300.0
Fail, VV_2_100_down_3, Reactive, 100.0, 3, 400.0, VV_2_100_down_3.csv, , , , , 
, , , , , , , Pass, 613.477, 900.0, 500.0, 1300.0
, , , , , , , Pass, 620.368, 900.0, 500.0, 1300.0
, , , , , , , Fail, 407.985, 900.0, 500.0, 1300.0
, , , , , , , Fail, -203.774, 801.4, 26.4, 1300.0
, , , , , , , Fail, -206.695, 587.6, -187.4, 1300.0
, , , , , , , Pass, -201.156, 365.6, -400.0, 1140.6
, , , , , , , Pass, -193.24, 137.6, -400.0, 912.6
, , , , , , , Pass, -202.31, 0.0, -400.0, 685.7
, , , , , , , Pass, -209.999, 0.0, -400.0, 400.0
, , , , , , , Pass, -198.378, 0.0, -400.0, 400.0
, , , , , , , Fail, -934.964, 0.0, -400.0, 400.0
, , , , , , , Fail, -994.183, -22.5, -797.5, 400.0
, , , , , , , Pass, -998.872, -237.7, -1012.7, 400.0
, , , , , , , Pass, -999.999, -463.1, -1238.1, 311.9
, , , , , , , Pass, -1001.354, -694.9, -1300.0, 80.1
, , , , , , , Pass, -997.652, -900.0, -1300.0, -140.4
, , , , , , , Pass, -1009.47, -900.0, -1300.0, -500.0
, , , , , , , Pass, -1007.979, -900.0, -1300.0, -500.0
, , , , , , , Pass, -1006.82, -900.0, -1300.0, -500.0
Fail, VV_2_100_up_3, Reactive, 100.0, 3, 400.0, VV_2_100_up_3.csv, , , , , 
, , , , , , , Pass, -988.025, -900.0, -1300.0, -500.0
, , , , , , , Pass, -991.888, -900.0, -1300.0, -500.0
, , , , , , , Pass, -979.011, -900.0, -1300.0, -500.0
, , , , , , , Pass, -971.695, -811.1, -1300.0, -36.1
, , , , , , , Pass, -967.632, -604.5, -1300.0, 170.5
, , , , , , , Pass, -971.013, -368.6, -1143.6, 400.0
, , , , , , , Fail, -970.838, -156.7, -931.7, 400.0
, , , , , , , Fail, -970.193, 0.0, -713.1, 400.0
, , , , , , , Fail, -561.299, 0.0, -400.0, 400.0
, , , , , , , Pass, -176.09, 0.0, -400.0, 400.0
, , , , , , , Pass, -179.916, 0.0, -400.0, 400.0
, , , , , , , Pass, -170.009, 6.4, -400.0, 781.4
, , , , , , , Pass, -178.736, 224.6, -400.0, 999.6
, , , , , , , Pass, -166.904, 436.1, -338.9, 1211.1
, , , , , , , Fail, -174.96, 664.1, -110.9, 1300.0
, , , , , , , Fail, -177.176, 891.4, 116.4, 1300.0
, , , , , , , Pass, 641.447, 900.0, 500.0, 1300.0
, , , , , , , Pass, 641.81, 900.0, 500.0, 1300.0
, , , , , , , Pass, 637.512, 900.0, 500.0, 1300.0
Fail, VV_2_66_down_1, Reactive, 66.0, 5, 400.0, VV_2_66_down_1.csv, , , , , 
, , , , , , , Pass, 633.576, 900.0, 500.0, 1300.0
, , , , , , , Pass, 636.902, 900.0, 500.0, 1300.0
, , , , , , , Pass, 642.255, 900.0, 500.0, 1300.0
, , , , , , , Fail, -172.808, 885.4, 110.4, 1300.0
, , , , , , , Fail, -180.472, 655.1, -119.9, 1300.0
, , , , , , , Pass, -166.515, 429.4, -345.6, 1204.4
, , , , , , , Pass, -170.804, 215.6, -400.0, 990.6
, , , , , , , Pass, -169.753, 0.0, -400.0, 755.5
, , , , , , , Pass, -183.901, 0.0, -400.0, 400.0
, , , , , , , Pass, -177.098, 0.0, -400.0, 400.0
, , , , , , , Fail, -551.953, 0.0, -400.0, 400.0
, , , , , , , Fail, -974.736, 0.0, -734.1, 400.0
, , , , , , , Fail, -965.661, -184.1, -959.1, 400.0
, , , , , , , Pass, -969.288, -414.4, -1189.4, 360.6
, , , , , , , Pass, -974.046, -641.2, -1300.0, 133.8
, , , , , , , Pass, -968.142, -869.2, -1300.0, -94.2
, , , , , , , Pass, -979.56, -900.0, -1300.0, -500.0
, , , , , , , Pass, -990.027, -900.0, -1300.0, -500.0
, , , , , , , Pass, -986.601, -900.0, -1300.0, -500.0
Fail, VV_2_66_up_1, Reactive, 66.0, 5, 400.0, VV_2_66_up_1.csv, , , , , 
, , , , , , , Pass, -987.549, -900.0, -1300.0, -500.0
, , , , , , , Pass, -986.031, -900.0, -1300.0, -500.0
, , , , , , , Pass, -979.562, -900.0, -1300.0, -500.0
, , , , , , , Pass, -974.154, -861.4, -1300.0, -86.4
, , , , , , , Pass, -977.655, -638.2, -1300.0, 136.8
, , , , , , , Pass, -967.403, -419.6, -1194.6, 355.4
, , , , , , , Fail, -967.796, -177.7, -952.7, 400.0
, , , , , , , Fail, -976.796, 0.0, -730.0, 400.0
, , , , , , , Fail, -569.941, 0.0, -400.0, 400.0
, , , , , , , Pass, -176.267, 0.0, -400.0, 400.0
, , , , , , , Pass, -184.575, 0.0, -400.0, 400.0
, , , , , , , Pass, -172.085, 5.6, -400.0, 780.6
, , , , , , , Pass, -174.46, 232.9, -400.0, 1007.9
, , , , , , , Pass, -172.575, 468.7, -306.3, 1243.7
, , , , , , , Fail, -174.574, 683.6, -91.4, 1300.0
, , , , , , , Fail, -172.32, 900.0, 152.0, 1300.0
, , , , , , , Pass, 635.659, 900.0, 500.0, 1300.0
, , , , , , , Pass, 636.681, 900.0, 500.0, 1300.0
, , , , , , , Pass, 641.364, 900.0, 500.0, 1300.0
Fail, VV_2_66_down_2, Reactive, 66.0, 5, 400.0, VV_2_66_down_2.csv, , , , , 
, , , , , , , Pass, 633.963, 900.0, 500.0, 1300.0
, , , , , , , Pass, 638.94, 900.0, 500.0, 1300.0
, , , , , , , Pass, 639.468, 900.0, 500.0, 1300.0
, , , , , , , Fail, -171.071, 896.2, 121.2, 1300.0
, , , , , , , Fail, -175.791, 687.0, -88.0, 1300.0
, , , , , , , Pass, -169.546, 444.0, -331.0, 1219.0
, , , , , , , Pass, -174.417, 222.0, -400.0, 997.0
, , , , , , , Pass, -171.013, 16.1, -400.0, 791.1
, , , , , , , Pass, -178.217, 0.0, -400.0, 400.0
, , , , , , , Pass, -174.777, 0.0, -400.0, 400.0
, , , , , , , Fail, -566.033, 0.0, -400.0, 400.0
, , , , , , , Fail, -977.227, 0.0, -733.0, 400.0
, , , , , , , Pass, -966.767, -192.0, -967.0, 400.0
, , , , , , , Pass, -969.894, -405.0, -1180.0, 370.0
, , , , , , , Pass, -975.224, -639.4, -1300.0, 135.6
, , , , , , , Pass, -972.494, -869.6, -1300.0, -94.6
, , , , , , , Pass, -978.363, -900.0, -1300.0, -500.0
, , , , , , , Pass, -982.11, -900.0, -1300.0, -500.0
, , , , , , , Pass, -990.839, -900.0, -1300.0, -500.0
Fail, VV_2_66_up_2, Reactive, 66.0, 5, 400.0, VV_2_66_up_2.csv, , , , , 
, , , , , , , Pass, -982.37, -900.0, -1300.0, -500.0
, , , , , , , Pass, -986.428, -900.0, -1300.0, -500.0
, , , , , , , Pass, -978.862, -900.0, -1300.0, -500.0
, , , , , , , Pass, -969.318, -873.4, -1300.0, -98.4
, , , , , , , Pass, -975.14, -639.0, -1300.0, 136.0
, , , , , , , Pass, -969.185, -406.1, -1181.1, 368.9
, , , , , , , Pass, -962.986, -197.6, -972.6, 400.0
, , , , , , , Fail, -976.558, 0.0, -738.2, 400.0
, , , , , , , Fail, -548.303, 0.0, -400.0, 400.0
, , , , , , , Pass, -177.102, 0.0, -400.0, 400.0
, , , , , , , Pass, -177.223, 0.0, -400.0, 400.0
, , , , , , , Pass, -169.685, 0.0, -400.0, 752.9
, , , , , , , Pass, -179.704, 214.5, -400.0, 989.5
, , , , , , , Pass, -170.04, 435.4, -339.6, 1210.4
, , , , , , , Fail, -178.723, 667.5, -107.5, 1300.0
, , , , , , , Fail, -170.113, 894.4, 119.4, 1300.0
, , , , , , , Pass, 636.3, 900.0, 500.0, 1300.0
, , , , , , , Pass, 639.145, 900.0, 500.0, 1300.0
, , , , , , , Pass, 636.139, 900.0, 500.0, 1300.0
Fail, VV_2_66_down_3, Reactive, 66.0, 5, 400.0, VV_2_66_down_3.csv, , , , , 
, , , , , , , Pass, 642.054, 900.0, 500.0, 1300.0
, , , , , , , Pass, 640.996, 900.0, 500.0, 1300.0
, , , , , , , Pass, 639.903, 900.0, 500.0, 1300.0
, , , , , , , Fail, -173.014, 891.7, 116.7, 1300.0
, , , , , , , Fail, -171.904, 671.2, -103.8, 1300.0
, , , , , , , Pass, -165.395, 461.6, -313.4, 1236.6
, , , , , , , Pass, -171.955, 224.2, -400.0, 999.2
, , , , , , , Pass, -170.895, 0.0, -400.0, 772.0
, , , , , , , Pass, -181.08, 0.0, -400.0, 400.0
, , , , , , , Pass, -174.94, 0.0, -400.0, 400.0
, , , , , , , Fail, -534.386, 0.0, -400.0, 400.0
, , , , , , , Fail, -970.511, 0.0, -704.9, 400.0
, , , , , , , Fail, -967.771, -180.4, -955.4, 400.0
, , , , , , , Pass, -970.606, -382.5, -1157.5, 392.5
, , , , , , , Pass, -974.773, -613.9, -1300.0, 161.1
, , , , , , , Pass, -966.175, -833.6, -1300.0, -58.6
, , , , , , , Pass, -978.595, -900.0, -1300.0, -500.0
, , , , , , , Pass, -980.514, -900.0, -1300.0, -500.0
, , , , , , , Pass, -985.342, -900.0, -1300.0, -500.0
Fail, VV_2_66_up_3, Reactive, 66.0, 5, 400.0, VV_2_66_up_3.csv, , , , , 
, , , , , , , Pass, -991.76, -900.0, -1300.0, -500.0
, , , , , , , Pass, -987.859, -900.0, -1300.0, -500.0
, , , , , , , Pass, -981.127, -900.0, -1300.0, -500.0
, , , , , , , Pass, -972.649, -843.7, -1300.0, -68.7
, , , , , , , Pass, -975.022, -620.2, -1300.0, 154.8
, , , , , , , Pass, -974.699, -397.1, -1172.1, 377.9
, , , , , , , Fail, -964.391, -164.6, -939.6, 400.0
, , , , , , , Fail, -970.347, 0.0, -724.7, 400.0
, , , , , , , Fail, -538.34, 0.0, -400.0, 400.0
, , , , , , , Pass, -175.576, 0.0, -400.0, 400.0
, , , , , , , Pass, -177.178, 0.0, -400.0, 400.0
, , , , , , , Pass, -171.138, 0.0, -400.0, 758.9
, , , , , , , Pass, -172.216, 195.0, -400.0, 970.0
, , , , , , , Pass, -173.499, 441.4, -333.6, 1216.4
, , , , , , , Fail, -177.111, 663.0, -112.0, 1300.0
, , , , , , , Fail, -170.225, 875.6, 100.6, 1300.0
, , , , , , , Pass, 635.028, 900.0, 500.0, 1300.0
, , , , , , , Pass, 639.043, 900.0, 500.0, 1300.0
, , , , , , , Pass, 641.587, 900.0, 500.0, 1300.0
Fail, VV_2_66_down_4, Reactive, 66.0, 5, 400.0, VV_2_66_down_4.csv, , , , , 
, , , , , , , Pass, 645.268, 900.0, 500.0, 1300.0
, , , , , , , Pass, 637.26, 900.0, 500.0, 1300.0
, , , , , , , Pass, 638.066, 900.0, 500.0, 1300.0
, , , , , , , Fail, -171.466, 879.4, 104.4, 1300.0
, , , , , , , Fail, -180.597, 657.7, -117.3, 1300.0
, , , , , , , Pass, -172.808, 445.9, -329.1, 1220.9
, , , , , , , Pass, -174.304, 215.6, -400.0, 990.6
, , , , , , , Pass, -170.851, 0.0, -400.0, 767.1
, , , , , , , Pass, -177.371, 0.0, -400.0, 400.0
, , , , , , , Pass, -180.075, 0.0, -400.0, 400.0
, , , , , , , Fail, -533.417, 0.0, -400.0, 400.0
, , , , , , , Fail, -971.355, 0.0, -737.9, 400.0
, , , , , , , Pass, -964.559, -193.1, -968.1, 400.0
, , , , , , , Pass, -974.603, -411.7, -1186.7, 363.3
, , , , , , , Pass, -971.927, -638.6, -1300.0, 136.4
, , , , , , , Pass, -975.229, -864.4, -1300.0, -89.4
, , , , , , , Pass, -983.984, -900.0, -1300.0, -500.0
, , , , , , , Pass, -985.657, -900.0, -1300.0, -500.0
, , , , , , , Pass, -990.08, -900.0, -1300.0, -500.0
Fail, VV_2_66_up_4, Reactive, 66.0, 5, 400.0, VV_2_66_up_4.csv, , , , , 
, , , , , , , Pass, -988.665, -900.0, -1300.0, -500.0
, , , , , , , Pass, -983.889, -900.0, -1300.0, -500.0
, , , , , , , Pass, -974.556, -900.0, -1300.0, -500.0
, , , , , , , Pass, -968.275, -834.4, -1300.0, -59.4
, , , , , , , Pass, -980.245, -605.2, -1300.0, 169.8
, , , , , , , Pass, -968.513, -390.0, -1165.0, 385.0
, , , , , , , Fail, -973.236, -151.9, -926.9, 400.0
, , , , , , , Fail, -971.494, 0.0, -721.0, 400.0
, , , , , , , Fail, -560.816, 0.0, -400.0, 400.0
, , , , , , , Pass, -178.441, 0.0, -400.0, 400.0
, , , , , , , Pass, -176.636, 0.0, -400.0, 400.0
, , , , , , , Pass, -170.482, 21.0, -400.0, 796.0
, , , , , , , Pass, -180.014, 237.0, -400.0, 1012.0
, , , , , , , Pass, -165.202, 456.4, -318.6, 1231.4
, , , , , , , Fail, -178.914, 694.9, -80.1, 1300.0
, , , , , , , Fail, -166.65, 900.0, 137.0, 1300.0
, , , , , , , Pass, 643.142, 900.0, 500.0, 1300.0
, , , , , , , Pass, 638.921, 900.0, 500.0, 1300.0
, , , , , , , Pass, 642.594, 900.0, 500.0, 1300.0
Fail, VV_2_66_down_5, Reactive, 66.0, 5, 400.0, VV_2_66_down_5.csv, , , , , 
, , , , , , , Pass, 635.937, 900.0, 500.0, 1300.0
, , , , , , , Pass, 637.908, 900.0, 500.0, 1300.0
, , , , , , , Pass, 639.809, 900.0, 500.0, 1300.0
, , , , , , , Fail, -166.214, 894.0, 119.0, 1300.0
, , , , , , , Fail, -177.705, 680.6, -94.4, 1300.0
, , , , , , , Pass, -169.586, 439.9, -335.1, 1214.9
, , , , , , , Pass, -167.878, 228.0, -400.0, 1003.0
, , , , , , , Pass, -173.065, 0.0, -400.0, 762.6
, , , , , , , Pass, -183.023, 0.0, -400.0, 400.0
, , , , , , , Pass, -175.8, 0.0, -400.0, 400.0
, , , , , , , Fail, -536.52, 0.0, -400.0, 400.0
, , , , , , , Fail, -973.759, 0.0, -738.2, 400.0
, , , , , , , Pass, -963.362, -194.2, -969.2, 400.0
, , , , , , , Pass, -967.833, -404.2, -1179.2, 370.8
, , , , , , , Pass, -974.54, -637.5, -1300.0, 137.5
, , , , , , , Pass, -969.57, -865.1, -1300.0, -90.1
, , , , , , , Pass, -979.67, -900.0, -1300.0, -500.0
, , , , , , , Pass, -993.069, -900.0, -1300.0, -500.0
, , , , , , , Pass, -992.895, -900.0, -1300.0, -500.0
Fail, VV_2_66_up_5, Reactive, 66.0, 5, 400.0, VV_2_66_up_5.csv, , , , , 
, , , , , , , Pass, -811.954, -900.0, -1300.0, -500.0
, , , , , , , Pass, -792.903, -900.0, -1300.0, -500.0
, , , , , , , Pass, -791.138, -900.0, -1300.0, -500.0
, , , , , , , Pass, -815.024, -762.4, -1300.0, 12.6
, , , , , , , Pass, -812.223, -559.9, -1300.0, 215.1
, , , , , , , Pass, -800.043, -322.5, -1097.5, 400.0
, , , , , , , Pass, -791.557, -100.1, -875.1, 400.0
, , , , , , , Fail, -783.496, 0.0, -649.7, 400.0
, , , , , , , Pass, -119.103, 0.0, -400.0, 400.0
, , , , , , , Pass, -121.994, 0.0, -400.0, 400.0
, , , , , , , Pass, -114.611, 0.0, -400.0, 400.0
, , , , , , , Pass, -113.866, 85.5, -400.0, 860.5
, , , , , , , Pass, -108.97, 319.9, -400.0, 1094.9
, , , , , , , Pass, -112.815, 541.5, -233.5, 1300.0
, , , , , , , Fail, -108.445, 762.7, -12.3, 1300.0
, , , , , , , Fail, -32.455, 900.0, 227.7, 1300.0
, , , , , , , Pass, 531.209, 900.0, 500.0, 1300.0
, , , , , , , Pass, 532.794, 900.0, 500.0, 1300.0
, , , , , , , Pass, 538.281, 900.0, 500.0, 1300.0
Fail, VV_2_20_down_1, Reactive, 20.0, 3, 400.0, VV_2_20_down_1.csv, , , , , 
, , , , , , , Pass, 531.558, 900.0, 500.0, 1300.0
, , , , , , , Pass, 536.774, 900.0, 500.0, 1300.0
, , , , , , , Pass, 532.58, 900.0, 500.0, 1300.0
, , , , , , , Fail, -47.491, 900.0, 232.6, 1300.0
, , , , , , , Fail, -107.847, 787.5, 12.5, 1300.0
, , , , , , , Pass, -112.53, 569.2, -205.8, 1300.0
, , , , , , , Pass, -108.736, 345.4, -400.0, 1120.4
, , , , , , , Pass, -115.974, 116.6, -400.0, 891.6
, , , , , , , Pass, -113.729, 0.0, -400.0, 400.0
, , , , , , , Pass, -120.906, 0.0, -400.0, 400.0
, , , , , , , Pass, -122.035, 0.0, -400.0, 400.0
, , , , , , , Fail, -783.973, 0.0, -614.1, 400.0
, , , , , , , Pass, -808.709, -67.5, -842.5, 400.0
, , , , , , , Pass, -800.747, -296.2, -1071.2, 400.0
, , , , , , , Pass, -793.441, -518.2, -1293.2, 256.8
, , , , , , , Pass, -810.87, -742.5, -1300.0, 32.5
, , , , , , , Pass, -803.0, -900.0, -1300.0, -500.0
, , , , , , , Pass, -815.546, -900.0, -1300.0, -500.0
, , , , , , , Pass, -820.341, -900.0, -1300.0, -500.0
Fail, VV_2_20_up_1, Reactive, 20.0, 3, 400.0, VV_2_20_up_1.csv, , , , , 
, , , , , , , Pass, -837.806, -900.0, -1300.0, -500.0
, , , , , , , Pass, -814.294, -900.0, -1300.0, -500.0
, , , , , , , Pass, -806.418, -900.0, -1300.0, -500.0
, , , , , , , Pass, -804.35, -756.4, -1300.0, 18.6
, , , , , , , Pass, -792.992, -571.9, -1300.0, 203.1
, , , , , , , Pass, -816.528, -312.7, -1087.7, 400.0
, , , , , , , Pass, -798.298, -81.0, -856.0, 400.0
, , , , , , , Fail, -779.44, 0.0, -662.9, 400.0
, , , , , , , Pass, -117.549, 0.0, -400.0, 400.0
, , , , , , , Pass, -121.596, 0.0, -400.0, 400.0
, , , , , , , Pass, -111.622, 0.0, -400.0, 400.0
, , , , , , , Pass, -117.829, 91.5, -400.0, 866.5
, , , , , , , Pass, -110.647, 311.2, -400.0, 1086.2
, , , , , , , Pass, -115.946, 558.0, -217.0, 1300.0
, , , , , , , Fail, -106.931, 758.6, -16.4, 1300.0
, , , , , , , Fail, -48.442, 900.0, 214.2, 1300.0
, , , , , , , Pass, 534.33, 900.0, 500.0, 1300.0
, , , , , , , Pass, 545.204, 900.0, 500.0, 1300.0
, , , , , , , Pass, 531.032, 900.0, 500.0, 1300.0
Fail, VV_2_20_down_2, Reactive, 20.0, 3, 400.0, VV_2_20_down_2.csv, , , , , 
, , , , , , , Pass, 541.308, 900.0, 500.0, 1300.0
, , , , , , , Pass, 530.058, 900.0, 500.0, 1300.0
, , , , , , , Pass, 534.114, 900.0, 500.0, 1300.0
, , , , , , , Fail, -13.393, 900.0, 197.4, 1300.0
, , , , , , , Fail, -108.135, 744.7, -30.3, 1300.0
, , , , , , , Pass, -112.755, 544.5, -230.5, 1300.0
, , , , , , , Pass, -108.532, 298.5, -400.0, 1073.5
, , , , , , , Pass, -117.986, 87.7, -400.0, 862.7
, , , , , , , Pass, -108.728, 0.0, -400.0, 400.0
, , , , , , , Pass, -120.462, 0.0, -400.0, 400.0
, , , , , , , Pass, -116.975, 0.0, -400.0, 400.0
, , , , , , , Fail, -788.467, 0.0, -655.4, 400.0
, , , , , , , Pass, -785.275, -96.4, -871.4, 400.0
, , , , , , , Pass, -787.084, -306.4, -1081.4, 400.0
, , , , , , , Pass, -816.566, -530.6, -1300.0, 244.4
, , , , , , , Pass, -809.811, -758.2, -1300.0, 16.8
, , , , , , , Pass, -801.117, -900.0, -1300.0, -500.0
, , , , , , , Pass, -808.508, -900.0, -1300.0, -500.0
, , , , , , , Pass, -819.34, -900.0, -1300.0, -500.0
Fail, VV_2_20_up_2, Reactive, 20.0, 3, 400.0, VV_2_20_up_2.csv, , , , , 
, , , , , , , Pass, -819.925, -900.0, -1300.0, -500.0
, , , , , , , Pass, -802.74, -900.0, -1300.0, -500.0
, , , , , , , Pass, -819.459, -900.0, -1300.0, -500.0
, , , , , , , Pass, -799.872, -738.7, -1300.0, 36.3
, , , , , , , Pass, -793.076, -511.5, -1286.5, 263.5
, , , , , , , Pass, -802.08, -298.9, -1073.9, 400.0
, , , , , , , Pass, -809.611, -60.4, -835.4, 400.0
, , , , , , , Fail, -790.879, 0.0, -605.1, 400.0
, , , , , , , Pass, -117.231, 0.0, -400.0, 400.0
, , , , , , , Pass, -118.154, 0.0, -400.0, 400.0
, , , , , , , Pass, -112.379, 0.0, -400.0, 400.0
, , , , , , , Pass, -115.056, 107.6, -400.0, 882.6
, , , , , , , Pass, -105.887, 332.2, -400.0, 1107.2
, , , , , , , Pass, -114.86, 566.2, -208.8, 1300.0
, , , , , , , Fail, -107.739, 778.1, 3.1, 1300.0
, , , , , , , Fail, -12.638, 900.0, 215.4, 1300.0
, , , , , , , Pass, 536.393, 900.0, 500.0, 1300.0
, , , , , , , Pass, 537.657, 900.0, 500.0, 1300.0
, , , , , , , Pass, 540.425, 900.0, 500.0, 1300.0
Fail, VV_2_20_down_3, Reactive, 20.0, 3, 400.0, VV_2_20_down_3.csv, , , , , 
, , , , , , , Pass, 533.702, 900.0, 500.0, 1300.0
, , , , , , , Pass, 532.894, 900.0, 500.0, 1300.0
, , , , , , , Pass, 537.935, 900.0, 500.0, 1300.0
, , , , , , , Fail, -39.707, 900.0, 191.7, 1300.0
, , , , , , , Pass, -4.483, 755.2, -19.8, 1300.0
, , , , , , , Pass, -113.665, 529.5, -245.5, 1300.0
, , , , , , , Pass, -107.891, 319.1, -400.0, 1094.1
, , , , , , , Pass, -115.15, 80.6, -400.0, 855.6
, , , , , , , Pass, -111.6, 0.0, -400.0, 400.0
, , , , , , , Pass, -118.941, 0.0, -400.0, 400.0
, , , , , , , Pass, -116.401, 0.0, -400.0, 400.0
, , , , , , , Fail, -774.145, 0.0, -650.9, 400.0
, , , , , , , Pass, -789.486, -108.4, -883.4, 400.0
, , , , , , , Pass, -796.089, -318.0, -1093.0, 400.0
, , , , , , , Pass, -821.309, -540.0, -1300.0, 235.0
, , , , , , , Pass, -804.985, -777.4, -1300.0, -2.4
, , , , , , , Pass, -785.762, -900.0, -1300.0, -500.0
, , , , , , , Pass, -812.621, -900.0, -1300.0, -500.0
, , , , , , , Pass, -815.32, -900.0, -1300.0, -500.0
Fail, VV_2_20_up_3, Reactive, 20.0, 3, 400.0, VV_2_20_up_3.csv, , , , , 
